{"level1": {"1_Square_matrix_multiplication_.py": {"mean": 33179.262129999996}, "2_Standard_matrix_multiplication_.py": {"mean": 25225.788599999985}, "3_Batched_matrix_multiplication.py": {"mean": 41837.34636000001}, "4_Matrix_vector_multiplication_.py": {"mean": 48606.06009}, "5_Matrix_scalar_multiplication.py": {"mean": 29878.565559999966}, "6_Matmul_with_large_K_dimension_.py": {"mean": 18231.14138999999}, "7_Matmul_with_small_K_dimension_.py": {"mean": 39008.27727000001}, "8_Matmul_with_irregular_shapes_.py": {"mean": 59321.4108}, "9_Tall_skinny_matrix_multiplication_.py": {"mean": 33388.66299000002}, "10_3D_tensor_matrix_multiplication.py": {"mean": 10591.961459999995}, "11_4D_tensor_matrix_multiplication.py": {"mean": 100716.54459000005}, "12_Matmul_with_diagonal_matrices_.py": {"mean": 30079.41031999999}, "13_Matmul_for_symmetric_matrices.py": {"mean": 32475.136049999994}, "14_Matmul_for_upper_triangular_matrices.py": {"mean": 30120.914340000014}, "15_Matmul_for_lower_triangular_matrices.py": {"mean": 30112.996509999997}, "16_Matmul_with_transposed_A.py": {"mean": 24543.238049999996}, "17_Matmul_with_transposed_B.py": {"mean": 33594.17802}, "18_Matmul_with_transposed_both.py": {"mean": 25440.29004000001}, "19_ReLU.py": {"mean": 67250.35437000002}, "20_LeakyReLU.py": {"mean": 44713.534259999935}, "21_Sigmoid.py": {"mean": 44678.100519999934}, "22_Tanh.py": {"mean": 44551.078280000016}, "23_Softmax.py": {"mean": 133954.84778999994}, "24_LogSoftmax.py": {"mean": 133885.53480000002}, "25_Swish.py": null, "26_GELU_.py": {"mean": 43930.56807999998}, "27_SELU_.py": {"mean": 65742.45602999996}, "28_HardSigmoid.py": {"mean": 43694.92631999998}, "29_Softplus.py": {"mean": 43680.64070000003}, "30_Softsign.py": null, "31_ELU.py": {"mean": 45751.69773999997}, "32_HardTanh.py": {"mean": 86504.40456000011}, "33_BatchNorm.py": {"mean": 82108.24527999996}, "34_InstanceNorm.py": {"mean": 197561.96665000007}, "35_GroupNorm_.py": {"mean": 121901.27525999995}, "36_RMSNorm_.py": {"mean": 142520.80035999964}, "37_FrobeniusNorm_.py": {"mean": 77760.02747999971}, "38_L1Norm_.py": {"mean": 178979.11131}, "39_L2Norm_.py": {"mean": 88741.68478000011}, "40_LayerNorm.py": {"mean": 15379.12812000001}, "41_Max_Pooling_1D.py": {"mean": 121616.4108000002}, "42_Max_Pooling_2D.py": {"mean": 90392.71034999998}, "43_Max_Pooling_3D.py": {"mean": 37994.74037999998}, "44_Average_Pooling_1D.py": {"mean": 41783.4684}, "45_Average_Pooling_2D.py": {"mean": 59998.035480000006}, "46_Average_Pooling_3D.py": {"mean": 28821.648719999994}, "47_Sum_reduction_over_a_dimension.py": {"mean": 28239.691439999977}, "48_Mean_reduction_over_a_dimension.py": {"mean": 28167.320859999996}, "49_Max_reduction_over_a_dimension.py": {"mean": 27868.157639999994}, "50_conv_standard_2D__square_input__square_kernel.py": {"mean": 95707.51145000002}, "51_Argmax_over_a_dimension.py": {"mean": 27743.668060000007}, "52_Argmin_over_a_dimension.py": {"mean": 27684.18170000003}, "53_Min_reduction_over_a_dimension.py": {"mean": 27553.399999999987}, "54_conv_standard_3D__square_input__square_kernel.py": {"mean": 55573.10629999994}, "55_conv_standard_2D__asymmetric_input__square_kernel.py": {"mean": 102633.67560000002}, "56_conv_standard_2D__asymmetric_input__asymmetric_kernel.py": {"mean": 74058.42825}, "57_conv_transposed_2D__square_input__square_kernel.py": {"mean": 175956.15969999996}, "58_conv_transposed_3D__asymmetric_input__asymmetric_kernel.py": {"mean": 63092.53149999991}, "59_conv_standard_3D__asymmetric_input__square_kernel.py": {"mean": 35493.19510000003}, "60_conv_standard_3D__square_input__asymmetric_kernel.py": {"mean": 165029.88695000001}, "61_conv_transposed_3D__square_input__square_kernel.py": {"mean": 107324.17450000011}, "62_conv_standard_2D__square_input__asymmetric_kernel.py": {"mean": 161735.32807000124}, "63_conv_standard_2D__square_input__square_kernel.py": {"mean": 128316.96789999997}, "64_conv_transposed_1D.py": {"mean": 135358.1433}, "65_conv_transposed_2D__square_input__asymmetric_kernel.py": {"mean": 58977.23525000005}, "66_conv_standard_3D__asymmetric_input__asymmetric_kernel.py": {"mean": 79559.20715000006}, "67_conv_standard_1D.py": {"mean": 43595.043950000014}, "68_conv_transposed_3D__square_input__asymmetric_kernel.py": {"mean": 396297.1078500001}, "69_conv_transposed_2D__asymmetric_input__asymmetric_kernel.py": {"mean": 118714.90689999932}, "70_conv_transposed_3D__asymmetric_input__square_kernel.py": {"mean": 362613.9843499994}, "71_conv_transposed_2D__asymmetric_input__square_kernel.py": {"mean": 39190.95774999999}, "72_conv_transposed_3D_asymmetric_input_asymmetric_kernel___strided_padded_grouped_.py": {"mean": 34378.31309999999}, "73_conv_transposed_3D_asymmetric_input_square_kernel__strided_padded__grouped.py": {"mean": 76810.09814999993}, "74_conv_transposed_1D_dilated.py": {"mean": 41938.051450000006}, "75_conv_transposed_2D_asymmetric_input_asymmetric_kernel_strided__grouped____padded____dilated__.py": {"mean": 82471.37399999998}, "76_conv_standard_1D_dilated_strided__.py": {"mean": 305937.6661500001}, "77_conv_transposed_3D_square_input_square_kernel___padded____dilated____strided__.py": {"mean": 23864.147649999944}, "78_conv_transposed_2D_asymmetric_input_asymmetric_kernel___padded__.py": {"mean": 58378.90414999993}, "79_conv_transposed_1D_asymmetric_input_square_kernel___padded____strided____dilated__.py": {"mean": 42232.14259999996}, "80_conv_standard_2D_square_input_asymmetric_kernel___dilated____padded__.py": {"mean": 54565.97750000004}, "81_conv_transposed_2D_asymmetric_input_square_kernel___dilated____padded____strided__.py": {"mean": 25365.17449999998}, "82_conv_depthwise_2D_square_input_square_kernel.py": {"mean": 21715.408399999993}, "83_conv_depthwise_2D_square_input_asymmetric_kernel.py": {"mean": 12356.272700000014}, "84_conv_depthwise_2D_asymmetric_input_square_kernel.py": {"mean": 184536.14079999994}, "85_conv_depthwise_2D_asymmetric_input_asymmetric_kernel.py": {"mean": 17638.95660000003}, "86_conv_depthwise_separable_2D.py": {"mean": 55005.56409999995}, "87_conv_pointwise_2D.py": {"mean": 51218.638999999974}, "88_MinGPTNewGelu.py": {"mean": 15805.888700000001}, "89_cumsum.py": {"mean": 15398.35860000001}, "90_cumprod.py": {"mean": 15209.464220000002}, "91_cumsum_reverse.py": {"mean": 94720.35959999994}, "92_cumsum_exclusive.py": {"mean": 66218.77012000002}, "93_masked_cumsum.py": {"mean": 68509.56405999999}, "94_MSELoss.py": {"mean": 90145.73672}, "95_CrossEntropyLoss.py": {"mean": 7707.641199999995}, "96_HuberLoss.py": {"mean": 67215.60259999993}, "97_ScaledDotProductAttention.py": {"mean": 181053.6591199998}, "98_KLDivLoss.py": {"mean": 58198.39435999999}, "99_TripletMarginLoss.py": {"mean": 86801.74063000007}, "100_HingeLoss.py": {"mean": 120038.98295000008}}, "level2": {"1_Conv2D_ReLU_BiasAdd.py": {"mean": 82681.54413999985}, "2_ConvTranspose2d_BiasAdd_Clamp_Scaling_Clamp_Divide.py": {"mean": 219119.49729999976}, "3_ConvTranspose3d_Sum_LayerNorm_AvgPool_GELU.py": {"mean": 138244.84782999984}, "4_Conv2d_Mish_Mish.py": {"mean": 164655.6407999998}, "5_ConvTranspose2d_Subtract_Tanh.py": {"mean": 193353.85395000025}, "6_Conv3d_Softmax_MaxPool_MaxPool.py": {"mean": 11095.580330000004}, "7_Conv3d_ReLU_LeakyReLU_GELU_Sigmoid_BiasAdd.py": {"mean": 95199.32548999994}, "8_Conv3d_Divide_Max_GlobalAvgPool_BiasAdd_Sum.py": {"mean": 42688.80416000005}, "9_Matmul_Subtract_Multiply_ReLU.py": {"mean": 29313.497679999997}, "10_ConvTranspose2d_MaxPool_Hardtanh_Mean_Tanh.py": {"mean": 239228.02191000048}, "11_ConvTranspose2d_BatchNorm_Tanh_MaxPool_GroupNorm.py": {"mean": 56335.55253000012}, "12_Gemm_Multiply_LeakyReLU.py": {"mean": 27386.726769999972}, "13_ConvTranspose3d_Mean_Add_Softmax_Tanh_Scaling.py": {"mean": 223301.48485000024}, "14_Gemm_Divide_Sum_Scaling.py": {"mean": 36419.51402999997}, "15_ConvTranspose3d_BatchNorm_Subtract.py": {"mean": 27107.437929999967}, "16_ConvTranspose2d_Mish_Add_Hardtanh_Scaling.py": {"mean": 221838.2635500004},